Fate,Sex,Boat.dibs,Age,Title,Class,Deck,Side,Fare,Fare.pp,Embarked,Family,RanN
Perished,male,No,22,Mr,Third,UNK,UNK,7.25,1.8125,S,3,2.96550049912184
Survived,female,Yes,38,Mrs,First,C,starboard,71.2833,17.820825,C,3,1.28177268896252
Survived,female,Yes,26,Miss,Third,UNK,UNK,7.925,2.64166666666667,S,2,5.00881624175236
Survived,female,Yes,35,Mrs,First,C,starboard,53.1,13.275,S,3,0.855367444455624
Perished,male,No,35,Mr,Third,UNK,UNK,8.05,2.68333333333333,S,2,5.98050425527617
Perished,male,No,30,Mr,Third,UNK,UNK,8.4583,2.81943333333333,Q,2,7.80383250210434
Perished,male,No,54,Mr,First,E,port,51.8625,17.2875,S,2,2.74398389039561
Perished,male,Yes,2,Master,Third,UNK,UNK,21.075,3.01071428571429,S,6,1.80245070252568
Survived,female,Yes,27,Mrs,Third,UNK,UNK,11.1333,2.22666,S,4,4.38891116296872
Survived,female,Yes,14,Mrs,Second,UNK,UNK,30.0708,7.5177,C,3,9.66632404830307
Survived,female,Yes,4,Miss,Third,G,port,16.7,3.34,S,4,0.523962560109794
Survived,female,Yes,58,Miss,First,C,starboard,26.55,8.85,S,2,8.28858399065211
Perished,male,No,20,Mr,Third,UNK,UNK,8.05,2.68333333333333,S,2,1.65447718231007
Perished,male,No,39,Mr,Third,UNK,UNK,31.275,3.475,S,8,6.01460300618783
Perished,female,Yes,14,Miss,Third,UNK,UNK,7.8542,2.61806666666667,S,2,4.12549015600234
Survived,female,Yes,55,Mrs,Second,UNK,UNK,16,5.33333333333333,S,2,0.987030344549567
Perished,male,Yes,2,Master,Third,UNK,UNK,29.125,3.640625,Q,7,0.140640675090253
Survived,male,No,30,Mr,Second,UNK,UNK,13,4.33333333333333,S,2,1.05817230185494
Perished,female,Yes,31,Mrs,Third,UNK,UNK,18,4.5,S,3,9.03799249557778
Survived,female,Yes,35,Mrs,Third,UNK,UNK,7.225,2.40833333333333,C,2,1.92821416538209
Perished,male,No,35,Mr,Second,UNK,UNK,26,8.66666666666667,S,2,3.85482979472727
Survived,male,No,34,Mr,Second,D,port,13,4.33333333333333,S,2,4.7110060043633
Survived,female,Yes,15,Miss,Third,UNK,UNK,8.0292,2.6764,Q,2,0.792747186496854
Survived,male,No,28,Mr,First,A,port,35.5,11.8333333333333,S,2,2.17354808468372
Perished,female,Yes,8,Miss,Third,UNK,UNK,21.075,3.01071428571429,S,6,8.03766656666994
Survived,female,Yes,38,Mrs,Third,UNK,UNK,31.3875,3.4875,S,8,3.60279608517885
Perished,male,No,30,Mr,Third,UNK,UNK,7.225,2.40833333333333,C,2,4.29231665795669
Perished,male,No,19,Mr,First,C,starboard,263,32.875,S,7,2.39147439133376
Survived,female,Yes,21,Miss,Third,UNK,UNK,7.8792,2.6264,Q,2,9.23138902988285
Perished,male,No,30,Mr,Third,UNK,UNK,7.8958,2.63193333333333,S,2,8.48026144085452
Perished,male,No,40,Noble,First,UNK,UNK,27.7208,9.24026666666667,C,2,6.57489521428943
Survived,female,Yes,35,Mrs,First,B,port,146.5208,36.6302,C,3,1.54949669027701
Survived,female,Yes,21,Miss,Third,UNK,UNK,7.75,2.58333333333333,Q,2,1.88290536403656
Perished,male,No,66,Mr,Second,UNK,UNK,10.5,3.5,S,2,8.18112438544631
Perished,male,No,28,Mr,First,UNK,UNK,82.1708,20.5427,C,3,7.28370213881135
Perished,male,No,42,Mr,First,UNK,UNK,52,13,S,3,7.20344792818651
Survived,male,No,30,Mr,Third,UNK,UNK,7.2292,2.40973333333333,C,2,4.53733588801697
Perished,male,No,21,Mr,Third,UNK,UNK,8.05,2.68333333333333,S,2,6.0463193920441
Perished,female,Yes,18,Miss,Third,UNK,UNK,18,3.6,S,4,6.50306185008958
Survived,female,Yes,14,Miss,Third,UNK,UNK,11.2417,2.810425,C,3,7.06641897791997
Perished,female,Yes,40,Mrs,Third,UNK,UNK,9.475,2.36875,S,3,7.41966734873131
Perished,female,Yes,27,Mrs,Second,UNK,UNK,21,5.25,S,3,3.05705833248794
Perished,male,No,30,Mr,Third,UNK,UNK,7.8958,2.63193333333333,C,2,6.84351838426664
Survived,female,Yes,3,Miss,Second,UNK,UNK,41.5792,6.92986666666667,C,5,2.93651948450133
Survived,female,Yes,19,Miss,Third,UNK,UNK,7.8792,2.6264,Q,2,7.04953524051234
Perished,male,No,30,Mr,Third,UNK,UNK,8.05,2.68333333333333,S,2,8.64158308831975
Perished,male,No,30,Mr,Third,UNK,UNK,15.5,3.875,Q,3,6.95437364745885
Survived,female,Yes,21,Miss,Third,UNK,UNK,7.75,2.58333333333333,Q,2,4.24298469442874
Perished,male,No,30,Mr,Third,UNK,UNK,21.6792,4.33584,C,4,7.20660510705784
Perished,female,Yes,18,Mrs,Third,UNK,UNK,17.8,4.45,S,3,0.640855990350246
Perished,male,Yes,7,Master,Third,UNK,UNK,39.6875,4.9609375,S,7,0.16087822848931
Perished,male,No,21,Mr,Third,UNK,UNK,7.8,2.6,S,2,5.01434786245227
Survived,female,Yes,49,Mrs,First,D,starboard,76.7292,19.1823,C,3,1.97614378063008
Survived,female,Yes,29,Mrs,Second,UNK,UNK,26,6.5,S,3,4.95038551976904
Perished,male,No,65,Mr,First,B,port,61.9792,15.4948,C,3,9.6258620172739
Survived,male,No,30,Mr,First,C,port,35.5,11.8333333333333,S,2,6.08090589521453
Survived,female,Yes,21,Miss,Second,UNK,UNK,10.5,3.5,S,2,7.59686488192528
Perished,male,No,28.5,Mr,Third,UNK,UNK,7.2292,2.40973333333333,C,2,6.471907121595
Survived,female,Yes,5,Miss,Second,UNK,UNK,27.75,4.625,S,5,6.84610206866637
Perished,male,Yes,11,Master,Third,UNK,UNK,46.9,4.69,S,9,5.596054692287
Perished,male,No,22,Mr,Third,UNK,UNK,7.2292,2.40973333333333,C,2,5.1338616781868
Survived,female,Yes,38,Miss,First,B,port,80,26.6666666666667,S,2,2.37505256431177
Perished,male,No,45,Mr,First,C,starboard,83.475,20.86875,S,3,0.934636611491442
Perished,male,Yes,4,Master,Third,UNK,UNK,27.9,3.4875,S,7,4.72710591508076
Perished,male,No,30,Mr,First,UNK,UNK,27.7208,9.24026666666667,C,2,5.93187595717609
Survived,male,Yes,3.5,Master,Third,UNK,UNK,15.2458,3.04916,C,4,7.60650517884642
Survived,female,Yes,29,Mrs,Second,F,starboard,10.5,3.5,S,2,0.740442636888474
Perished,male,No,19,Mr,Third,UNK,UNK,8.1583,2.71943333333333,S,2,8.18036919692531
Survived,female,Yes,17,Miss,Third,UNK,UNK,7.925,0.880555555555556,S,8,5.18676376203075
Perished,male,No,26,Mr,Third,UNK,UNK,8.6625,1.7325,S,4,5.52490256261081
Perished,male,No,32,Mr,Second,UNK,UNK,10.5,3.5,S,2,9.96871867217124
Perished,female,Yes,16,Miss,Third,UNK,UNK,46.9,4.69,S,9,2.0772037981078
Perished,male,No,21,Mr,Second,UNK,UNK,73.5,24.5,S,2,5.91210582992062
Perished,male,No,26,Mr,Third,UNK,UNK,14.4542,3.61355,C,3,6.70925139682367
Survived,male,No,32,Mr,Third,UNK,UNK,56.4958,18.8319333333333,S,2,1.28532666247338
Perished,male,No,25,Mr,Third,F,starboard,7.65,2.55,S,2,7.61318938573822
Perished,male,No,30,Mr,Third,UNK,UNK,7.8958,2.63193333333333,S,2,1.13538570702076
Perished,male,No,30,Mr,Third,UNK,UNK,8.05,2.68333333333333,S,2,9.02991229435429
Survived,male,Yes,0.83,Master,Second,UNK,UNK,29,5.8,S,4,4.7143658506684
Survived,female,Yes,30,Miss,Third,UNK,UNK,12.475,4.15833333333333,S,2,2.53924294374883
Perished,male,No,22,Mr,Third,UNK,UNK,9,3,S,2,8.6872684629634
Survived,male,No,29,Mr,Third,UNK,UNK,9.5,3.16666666666667,S,2,7.64994936762378
Survived,female,Yes,21,Miss,Third,UNK,UNK,7.7875,2.59583333333333,Q,2,8.50166080519557
Perished,male,No,28,Mr,First,UNK,UNK,47.1,15.7,S,2,8.67031113011762
Survived,female,Yes,17,Miss,Second,UNK,UNK,10.5,3.5,S,2,5.29412938747555
Survived,female,Yes,33,Mrs,Third,UNK,UNK,15.85,2.64166666666667,S,5,9.77162028895691
Perished,male,No,16,Mr,Third,UNK,UNK,34.375,4.91071428571429,S,6,4.98804842121899
Perished,male,No,30,Mr,Third,UNK,UNK,8.05,2.68333333333333,S,2,7.00354779837653
Survived,female,Yes,23,Miss,First,C,starboard,263,32.875,S,7,7.64360265107825
Perished,male,No,24,Mr,Third,UNK,UNK,8.05,2.68333333333333,S,2,3.21165426867083
Perished,male,No,29,Mr,Third,UNK,UNK,8.05,2.68333333333333,S,2,8.51606437936425
Perished,male,No,20,Mr,Third,UNK,UNK,7.8542,2.61806666666667,S,2,5.67374239210039
Perished,male,No,46,Mr,First,E,starboard,61.175,15.29375,S,3,0.0720423297025263
Perished,male,No,26,Mr,Third,UNK,UNK,20.575,3.42916666666667,S,5,1.81263959500939
Perished,male,No,59,Mr,Third,UNK,UNK,7.25,2.41666666666667,S,2,7.44785513263196
Perished,male,No,30,Mr,Third,UNK,UNK,8.05,2.68333333333333,S,2,9.08242110628635
Perished,male,No,71,Mr,First,A,starboard,34.6542,11.5514,C,2,6.73997761681676
Survived,male,No,23,Mr,First,D,port,63.3583,15.839575,C,3,0.059483963996172
Survived,female,Yes,34,Mrs,Second,UNK,UNK,23,5.75,S,3,4.76089442148805
Perished,male,No,34,Mr,Second,UNK,UNK,26,6.5,S,3,4.4062861893326
Perished,female,Yes,28,Miss,Third,UNK,UNK,7.8958,2.63193333333333,S,2,1.49482603883371
Perished,male,No,30,Mr,Third,UNK,UNK,7.8958,2.63193333333333,S,2,4.19895728584379
Perished,male,No,21,Mr,First,D,port,77.2875,19.321875,S,3,7.67157902242616
Perished,male,No,33,Mr,Third,UNK,UNK,8.6542,2.88473333333333,S,2,9.87734677270055
Perished,male,No,37,Mr,Third,UNK,UNK,7.925,1.585,S,4,5.32205371651798
Perished,male,No,28,Mr,Third,UNK,UNK,7.8958,2.63193333333333,S,2,9.22258411534131
Survived,female,Yes,21,Miss,Third,UNK,UNK,7.65,2.55,S,2,4.15179628878832
Survived,male,No,30,Mr,Third,UNK,UNK,7.775,2.59166666666667,S,2,4.02032480109483
Perished,male,No,38,Mr,Third,UNK,UNK,7.8958,2.63193333333333,S,2,5.88003035867587
Survived,female,Yes,21,Miss,Third,UNK,UNK,24.15,6.0375,Q,3,3.29764035297558
Perished,male,No,47,Mr,First,C,port,52,17.3333333333333,S,2,1.83500743471086
Perished,female,Yes,14.5,Miss,Third,UNK,UNK,14.4542,3.61355,C,3,0.24337281472981
Perished,male,No,22,Mr,Third,UNK,UNK,8.05,2.68333333333333,S,2,6.46545812720433
Perished,female,Yes,20,Miss,Third,UNK,UNK,9.825,2.45625,S,3,6.4027577615343
Perished,female,Yes,17,Miss,Third,UNK,UNK,14.4583,4.81943333333333,C,2,9.06593803782016
Perished,male,No,21,Mr,Third,UNK,UNK,7.925,2.64166666666667,S,2,0.922372527420521
Perished,male,No,70.5,Mr,Third,UNK,UNK,7.75,2.58333333333333,Q,2,9.26857762038708
Perished,male,No,29,Mr,Second,UNK,UNK,21,5.25,S,3,0.454642055556178
Perished,male,No,24,Mr,First,B,port,247.5208,61.8802,C,3,7.85131813958287
Perished,female,Yes,2,Miss,Third,UNK,UNK,31.275,3.475,S,8,7.47964556096122
Perished,male,No,21,Mr,Second,UNK,UNK,73.5,14.7,S,4,9.66783231822774
Perished,male,No,30,Mr,Third,UNK,UNK,8.05,2.68333333333333,S,2,7.07636190578341
Perished,male,No,32.5,Mr,Second,UNK,UNK,30.0708,7.5177,C,3,8.61974160186946
Survived,female,Yes,32.5,Miss,Second,E,starboard,13,4.33333333333333,S,2,8.60291356686503
Perished,male,No,54,Mr,First,D,port,77.2875,19.321875,S,3,6.298108312767
Survived,male,Yes,12,Master,Third,UNK,UNK,11.2417,2.810425,C,3,4.46167338639498
Perished,male,No,30,Mr,Third,UNK,UNK,7.75,2.58333333333333,Q,2,4.45715924724936
Survived,male,No,24,Mr,Third,UNK,UNK,7.1417,2.38056666666667,S,2,8.98558118380606
Survived,female,Yes,21,Miss,Third,F,starboard,22.3583,4.47166,C,4,2.79096408281475
Perished,male,No,45,Mr,Third,UNK,UNK,6.975,2.325,S,2,9.59201087011024
Perished,male,No,33,Mr,Third,UNK,UNK,7.8958,2.63193333333333,C,2,3.84736923500896
Perished,male,No,20,Mr,Third,UNK,UNK,7.05,2.35,S,2,3.68486128514633
Perished,female,Yes,47,Mrs,Third,UNK,UNK,14.5,3.625,S,3,4.80685412650928
Survived,female,Yes,29,Mrs,Second,UNK,UNK,26,6.5,S,3,7.00108058284968
Perished,male,No,25,Mr,Second,UNK,UNK,13,4.33333333333333,S,2,5.63920884160325
Perished,male,No,23,Mr,Second,UNK,UNK,15.0458,5.01526666666667,C,2,0.0832245335914195
Survived,female,Yes,19,Miss,First,D,starboard,26.2833,5.25666,S,4,3.51859583053738
Perished,male,No,37,Mr,First,C,starboard,53.1,13.275,S,3,9.81207501841709
Perished,male,No,16,Mr,Third,UNK,UNK,9.2167,3.07223333333333,S,2,0.9258206281811
Perished,male,No,24,Mr,First,B,port,79.2,26.4,C,2,3.8736864249222
Perished,female,Yes,35,Mrs,Third,UNK,UNK,15.2458,3.04916,C,4,8.65737479412928
Survived,female,Yes,22,Miss,Third,UNK,UNK,7.75,2.58333333333333,S,2,8.70724265696481
Survived,female,Yes,24,Mrs,Third,UNK,UNK,15.85,3.9625,S,3,6.39122485183179
Perished,male,No,19,Mr,Third,UNK,UNK,6.75,2.25,Q,2,7.74192020762712
Perished,male,No,18,Mr,Second,UNK,UNK,11.5,3.83333333333333,S,2,6.99012547265738
Perished,male,No,19,Mr,Second,UNK,UNK,36.75,7.35,S,4,3.93803372746333
Survived,male,No,27,Mr,Third,UNK,UNK,7.7958,2.5986,S,2,9.34552139835432
Perished,female,Yes,9,Miss,Third,UNK,UNK,34.375,4.91071428571429,S,6,9.23108809860423
Perished,male,No,36.5,Mr,Second,F,port,26,5.2,S,4,8.82025375263765
Perished,male,No,42,Noble,Second,UNK,UNK,13,4.33333333333333,S,2,3.67684282828122
Perished,male,No,51,Noble,Second,UNK,UNK,12.525,4.175,S,2,3.4121354483068
Survived,female,Yes,22,Mrs,First,C,port,66.6,16.65,S,3,0.790128151420504
Perished,male,No,55.5,Mr,Third,UNK,UNK,8.05,2.68333333333333,S,2,8.63165989750996
Perished,male,No,40.5,Mr,Third,UNK,UNK,14.5,2.9,S,4,0.72503287345171
Perished,male,No,30,Mr,Third,UNK,UNK,7.3125,2.4375,S,2,5.83610150264576
Perished,male,No,51,Mr,First,UNK,UNK,61.3792,15.3448,C,3,5.91994426911697
Survived,female,Yes,16,Miss,Third,UNK,UNK,7.7333,2.57776666666667,Q,2,2.05456190509722
Perished,male,No,30,Mr,Third,UNK,UNK,8.05,2.68333333333333,S,2,2.70085250493139
Perished,male,No,30,Mr,Third,UNK,UNK,8.6625,2.8875,S,2,6.70986396027729
Perished,male,Yes,3.5,Master,Third,UNK,UNK,69.55,6.32272727272727,S,10,3.02652257494628
Perished,male,No,44,Mr,Third,UNK,UNK,16.1,4.025,S,3,4.08234153175727
Survived,female,Yes,40,Mrs,Second,UNK,UNK,15.75,5.25,S,2,3.25721061090007
Perished,male,No,26,Mr,Third,UNK,UNK,7.775,2.59166666666667,S,2,5.63088422175497
Perished,male,No,17,Mr,Third,UNK,UNK,8.6625,2.8875,S,2,9.01092313462868
Perished,male,Yes,1,Master,Third,UNK,UNK,39.6875,4.9609375,S,7,7.94423758517951
Survived,male,Yes,9,Master,Third,UNK,UNK,20.525,4.105,S,4,3.07763159973547
Survived,female,Yes,35,Mrs,First,E,starboard,55,13.75,S,3,7.53506592009217
Perished,female,Yes,45,Mrs,Third,UNK,UNK,27.9,3.4875,S,7,4.97750334208831
Perished,male,No,30,Mr,First,UNK,UNK,25.925,8.64166666666667,S,2,5.21792767569423
Perished,male,No,28,Mr,Third,UNK,UNK,56.4958,18.8319333333333,S,2,8.05313958320767
Perished,male,No,61,Mr,First,B,starboard,33.5,11.1666666666667,S,2,5.10070404736325
Perished,male,Yes,4,Master,Third,UNK,UNK,29.125,3.640625,Q,7,1.50879857828841
Survived,female,Yes,1,Miss,Third,UNK,UNK,11.1333,2.22666,S,4,4.78667521150783
Perished,male,No,21,Mr,Third,UNK,UNK,7.925,2.64166666666667,S,2,1.21690624160692
Perished,male,No,56,Mr,First,A,starboard,30.6958,10.2319333333333,C,2,9.61042683571577
Perished,male,No,18,Mr,Third,UNK,UNK,7.8542,1.57084,S,4,7.8197102015838
Perished,male,Yes,3.5,Master,Third,UNK,UNK,25.4667,3.6381,S,6,9.28786481032148
Perished,female,Yes,50,Miss,First,C,starboard,28.7125,9.57083333333333,C,2,5.45885694446042
Perished,male,No,30,Mr,Second,UNK,UNK,13,4.33333333333333,S,2,2.05594249069691
Perished,male,No,36,Mr,Third,UNK,UNK,8.05,2.68333333333333,S,2,0.809563468210399
Perished,female,Yes,21,Miss,Third,UNK,UNK,69.55,6.32272727272727,S,10,9.61869203718379
Perished,male,No,30,Mr,Second,UNK,UNK,15.05,5.01666666666667,C,2,7.71881464635953
Perished,male,Yes,9,Master,Third,UNK,UNK,31.3875,3.4875,S,8,7.33460269402713
Survived,male,Yes,1,Master,Second,F,port,39,6.5,S,5,4.17151980567724
Survived,female,Yes,4,Miss,Third,UNK,UNK,22.025,4.405,S,4,0.688656668644398
Perished,male,No,30,Mr,First,A,port,50,16.6666666666667,S,2,2.58823670214042
Survived,female,Yes,35,Mrs,Third,UNK,UNK,15.5,3.875,Q,3,7.96397010795772
Survived,male,No,45,Mr,First,UNK,UNK,26.55,8.85,S,2,3.15171950729564
Perished,male,No,40,Mr,Third,UNK,UNK,15.5,3.1,Q,4,2.14580985717475
Perished,male,No,36,Mr,Third,UNK,UNK,7.8958,2.63193333333333,S,2,2.0836583035998
Survived,female,Yes,32,Mrs,Second,UNK,UNK,13,4.33333333333333,S,2,1.17935298243538
Perished,male,No,19,Mr,Second,UNK,UNK,13,4.33333333333333,S,2,3.75113715883344
Survived,female,Yes,19,Miss,Third,UNK,UNK,7.8542,1.96355,S,3,8.45329152420163
Survived,male,Yes,3,Master,Second,F,port,26,5.2,S,4,8.16576859680936
Survived,female,Yes,44,Mrs,First,B,port,27.7208,9.24026666666667,C,2,5.22526709595695
Survived,female,Yes,58,Miss,First,B,port,146.5208,48.8402666666667,C,2,2.88223965326324
Perished,male,No,30,Mr,Third,UNK,UNK,7.75,2.58333333333333,Q,2,6.03058443171903
Perished,male,No,42,Mr,Third,UNK,UNK,8.4042,2.10105,S,3,1.41743200831115
Survived,female,Yes,21,Miss,Third,UNK,UNK,7.75,2.58333333333333,Q,2,5.00512361060828
Perished,female,Yes,24,Miss,Second,UNK,UNK,13,4.33333333333333,S,2,5.66072903573513
Perished,male,No,28,Mr,Third,UNK,UNK,9.5,3.16666666666667,S,2,1.45833653165027
Perished,male,No,30,Mr,Third,UNK,UNK,69.55,6.32272727272727,S,10,3.23367964709178
Perished,male,No,34,Mr,Third,UNK,UNK,6.4958,2.16526666666667,S,2,0.44736442156136
Perished,male,No,45.5,Mr,Third,UNK,UNK,7.225,2.40833333333333,C,2,6.55326325679198
Survived,male,No,18,Mr,Third,UNK,UNK,8.05,2.68333333333333,S,2,0.156732895411551
Perished,female,Yes,2,Miss,Third,G,port,10.4625,2.615625,S,3,4.55813647247851
Perished,male,No,32,Mr,Third,UNK,UNK,15.85,3.9625,S,3,0.503512239083648
Survived,male,No,26,Mr,Third,UNK,UNK,18.7875,6.2625,C,2,1.26734895631671
Survived,female,Yes,16,Miss,Third,UNK,UNK,7.75,2.58333333333333,Q,2,2.22637543221936
Survived,male,No,40,Mr,First,A,starboard,31,10.3333333333333,C,2,0.0987158180214465
Perished,male,No,24,Mr,Third,UNK,UNK,7.05,2.35,S,2,2.28903570678085
Survived,female,Yes,35,Miss,Second,UNK,UNK,21,7,S,2,8.55665997369215
Perished,male,No,22,Mr,Third,UNK,UNK,7.25,2.41666666666667,S,2,6.47705163573846
Perished,male,No,30,Mr,Second,UNK,UNK,13,4.33333333333333,S,2,6.89226005459204
Perished,male,No,30,Mr,Third,UNK,UNK,7.75,1.9375,Q,3,9.98540257103741
Survived,female,Yes,31,Miss,First,D,port,113.275,28.31875,C,3,3.74524077400565
Survived,female,Yes,27,Miss,Third,UNK,UNK,7.925,2.64166666666667,S,2,2.8260634560138
Perished,male,No,42,Mr,Second,UNK,UNK,27,6.75,S,3,1.58920486457646
Survived,female,Yes,32,Miss,First,D,starboard,76.2917,25.4305666666667,C,2,5.96217321930453
Perished,male,No,30,Mr,Second,UNK,UNK,10.5,3.5,S,2,2.38999251043424
Survived,male,No,16,Mr,Third,UNK,UNK,8.05,2.68333333333333,S,2,6.02440626360476
Perished,male,No,27,Mr,Second,UNK,UNK,13,4.33333333333333,S,2,3.78759645391256
Perished,male,No,51,Mr,Third,UNK,UNK,8.05,2.68333333333333,S,2,5.24739751825109
Perished,male,No,30,Mr,Third,UNK,UNK,7.8958,2.63193333333333,S,2,3.36830063257366
Survived,male,No,38,Mr,First,C,starboard,90,22.5,S,3,8.35382368415594
Perished,male,No,22,Mr,Third,UNK,UNK,9.35,3.11666666666667,S,2,2.04644936835393
Survived,male,No,19,Mr,Second,UNK,UNK,10.5,3.5,S,2,8.7012363341637
Perished,male,No,20.5,Mr,Third,UNK,UNK,7.25,2.41666666666667,S,2,2.62149231042713
Perished,male,No,18,Mr,Second,UNK,UNK,13,4.33333333333333,S,2,6.25888208160177
Perished,female,Yes,21,Miss,Third,UNK,UNK,25.4667,3.6381,S,6,5.54514706134796
Survived,female,Yes,35,Mrs,First,C,starboard,83.475,20.86875,S,3,9.28755038417876
Perished,male,No,29,Mr,Third,UNK,UNK,7.775,2.59166666666667,S,2,8.79665690939873
Perished,male,No,59,Mr,Second,UNK,UNK,13.5,4.5,S,2,3.26583961956203
Survived,female,Yes,5,Miss,Third,UNK,UNK,31.3875,3.4875,S,8,7.41691342787817
Perished,male,No,24,Mr,Second,UNK,UNK,10.5,3.5,S,2,5.09986514225602
Perished,female,Yes,21,Miss,Third,UNK,UNK,7.55,2.51666666666667,S,2,1.8522138055414
Perished,male,No,44,Mr,Second,UNK,UNK,26,6.5,S,3,7.32608748367056
Survived,female,Yes,8,Miss,Second,UNK,UNK,26.25,5.25,S,4,9.52157204970717
Perished,male,No,19,Mr,Second,UNK,UNK,10.5,3.5,S,2,9.92437777109444
Perished,male,No,33,Mr,Second,UNK,UNK,12.275,4.09166666666667,S,2,7.3903028271161
Perished,female,Yes,21,Miss,Third,UNK,UNK,14.4542,3.61355,C,3,6.58900611801073
Survived,female,Yes,21,Miss,Third,UNK,UNK,15.5,3.875,Q,3,3.98190035950392
Perished,male,No,29,Mr,Second,UNK,UNK,10.5,3.5,S,2,8.72327324235812
Perished,male,No,22,Mr,Third,UNK,UNK,7.125,2.375,S,2,0.329695472028106
Perished,male,No,30,Mr,Third,UNK,UNK,7.225,2.40833333333333,C,2,5.99018970504403
Perished,male,No,44,Noble,First,C,port,90,18,Q,4,9.65414605801925
Perished,female,Yes,25,Miss,Third,UNK,UNK,7.775,2.59166666666667,S,2,0.0875183520838618
Survived,female,Yes,24,Mrs,Second,UNK,UNK,14.5,2.9,S,4,7.86268659401685
Survived,male,No,37,Mr,First,D,starboard,52.5542,10.51084,S,4,6.5353172365576
Perished,male,No,54,Noble,Second,UNK,UNK,26,6.5,S,3,4.90787953836843
Perished,male,No,30,Mr,Third,UNK,UNK,7.25,2.41666666666667,S,2,8.83400733815506
Perished,female,Yes,29,Mrs,Third,G,port,10.4625,2.0925,S,4,4.08597885398194
Perished,male,No,62,Mr,First,C,starboard,26.55,8.85,S,2,9.07428449718282
Perished,male,No,30,Mr,Third,UNK,UNK,16.1,4.025,S,3,3.04157743696123
Perished,female,Yes,41,Mrs,Third,UNK,UNK,20.2125,4.0425,S,4,0.552055304870009
Survived,female,Yes,29,Mrs,Third,UNK,UNK,15.2458,3.04916,C,4,3.42375741107389
Survived,female,Yes,35,Mrs,First,UNK,UNK,79.2,26.4,C,2,1.8668031366542
Survived,female,Yes,30,Miss,First,B,starboard,86.5,28.8333333333333,S,2,0.575678849127144
Survived,female,Yes,35,Miss,First,UNK,UNK,512.3292,170.7764,C,2,1.60009101498872
Survived,female,Yes,50,Mrs,Second,UNK,UNK,26,6.5,S,3,8.75093564623967
Perished,male,No,30,Mr,Third,UNK,UNK,7.75,2.58333333333333,Q,2,3.76800818601623
Survived,male,Yes,3,Master,Third,UNK,UNK,31.3875,3.4875,S,8,5.87439030176029
Perished,male,No,52,Mr,First,E,starboard,79.65,15.93,S,4,6.40403827186674
Perished,male,No,40,Mr,First,B,port,61.9792,20.6597333333333,S,2,3.53568049613386
Perished,female,Yes,21,Miss,Third,UNK,UNK,7.75,2.58333333333333,Q,2,0.52178556099534
Perished,male,No,36,Mr,Second,UNK,UNK,10.5,3.5,S,2,6.69413066701964
Perished,male,No,16,Mr,Third,UNK,UNK,39.6875,4.9609375,S,7,2.52851719269529
Survived,male,No,25,Mr,Third,UNK,UNK,7.775,1.94375,S,3,4.43593189353123
Survived,female,Yes,58,Mrs,First,C,starboard,153.4625,38.365625,S,3,4.88403454422951
Survived,female,Yes,35,Miss,First,C,starboard,135.6333,45.2111,S,2,1.84882987523451
Perished,male,No,30,Mr,First,UNK,UNK,31,10.3333333333333,S,2,9.56511516589671
Survived,male,No,25,Mr,Third,UNK,UNK,8.05,2.68333333333333,S,2,1.86454633018002
Survived,female,Yes,41,Mrs,Second,UNK,UNK,19.5,4.875,S,3,6.79868839215487
Perished,male,No,37,Mr,First,C,port,29.7,7.425,C,3,0.0172099424526095
Survived,female,Yes,21,Miss,Third,UNK,UNK,7.75,2.58333333333333,Q,2,6.53969454346225
Survived,female,Yes,63,Miss,First,D,starboard,77.9583,19.489575,S,3,9.15835540508851
Perished,female,Yes,45,Miss,Third,UNK,UNK,7.75,2.58333333333333,S,2,0.744836051017046
Perished,male,No,30,Mr,Second,UNK,UNK,15.0229,5.00763333333333,S,2,1.63863097550347
Perished,male,Yes,7,Master,Third,UNK,UNK,29.125,3.640625,Q,7,5.41556517826393
Survived,female,Yes,35,Mrs,Third,UNK,UNK,20.25,4.05,S,4,1.79664088413119
Perished,male,No,65,Mr,Third,UNK,UNK,7.75,2.58333333333333,Q,2,0.00806865748018026
Perished,male,No,28,Mr,Third,UNK,UNK,7.8542,2.61806666666667,S,2,0.38852448342368
Perished,male,No,16,Mr,Third,UNK,UNK,9.5,3.16666666666667,S,2,0.526569827925414
Survived,male,No,19,Mr,Third,UNK,UNK,8.05,2.68333333333333,S,2,0.108797994907945
Perished,male,No,30,Mr,First,A,starboard,26,8.66666666666667,S,2,7.8941080532968
Perished,male,No,33,Mr,Third,UNK,UNK,8.6625,2.8875,C,2,7.47898171888664
Survived,male,No,30,Mr,Third,UNK,UNK,9.5,3.16666666666667,S,2,4.60972078377381
Perished,male,No,22,Mr,Third,UNK,UNK,7.8958,2.63193333333333,S,2,0.277300432790071
Survived,male,No,42,Mr,Second,UNK,UNK,13,4.33333333333333,S,2,6.74390194704756
Survived,female,Yes,22,Miss,Third,UNK,UNK,7.75,2.58333333333333,Q,2,7.98586172051728
Survived,female,Yes,26,Miss,First,UNK,UNK,78.85,26.2833333333333,S,2,9.47651414433494
Survived,female,Yes,19,Mrs,First,B,starboard,91.0792,22.7698,C,3,4.96276770718396
Perished,male,No,36,Mr,Second,D,UNK,12.875,4.29166666666667,C,2,8.11740681529045
Perished,female,Yes,24,Miss,Third,UNK,UNK,8.85,2.95,S,2,1.87523478642106
Perished,male,No,24,Mr,Third,UNK,UNK,7.8958,2.63193333333333,S,2,7.27027771994472
Perished,male,No,30,Mr,First,UNK,UNK,27.7208,9.24026666666667,C,2,3.63952485378832
Perished,male,No,23.5,Mr,Third,UNK,UNK,7.2292,2.40973333333333,C,2,0.643171623814851
Perished,female,Yes,2,Miss,First,C,port,151.55,25.2583333333333,S,5,8.26245348667726
Survived,male,No,30,Mr,First,C,port,30.5,10.1666666666667,S,2,3.39503336930647
Survived,female,Yes,50,Mrs,First,B,port,247.5208,61.8802,C,3,3.6422879062593
Survived,female,Yes,21,Miss,Third,UNK,UNK,7.75,2.58333333333333,Q,2,8.50563713116571
Survived,male,No,30,Mr,Third,UNK,UNK,23.25,4.65,Q,4,6.24342849478126
Perished,male,No,19,Mr,Third,UNK,UNK,8.05,2.68333333333333,S,2,5.14530522981659
Survived,female,Yes,21,Miss,Second,E,starboard,12.35,4.11666666666667,Q,2,8.60683361301199
Perished,male,No,30,Mr,Third,UNK,UNK,8.05,2.68333333333333,S,2,6.14604559494182
Survived,male,Yes,0.92,Master,First,C,port,151.55,25.2583333333333,S,5,6.31776973837987
Survived,female,Yes,21,Miss,First,UNK,UNK,110.8833,36.9611,C,2,5.46148570952937
Survived,female,Yes,17,Mrs,First,C,starboard,108.9,27.225,C,3,7.27994468761608
Perished,male,No,30,Mr,Second,UNK,UNK,24,6,C,3,5.92584638856351
Survived,female,Yes,30,Miss,First,E,port,56.9292,18.9764,C,2,3.14865195425227
Survived,female,Yes,24,Miss,First,C,port,83.1583,27.7194333333333,C,2,7.16523919953033
Survived,female,Yes,18,Miss,First,B,port,262.375,37.4821428571429,C,6,0.982983859721571
Perished,female,Yes,26,Mrs,Second,UNK,UNK,26,5.2,S,4,3.42979419743642
Perished,male,No,28,Mr,Third,UNK,UNK,7.8958,2.63193333333333,S,2,4.37949720071629
Perished,male,No,43,Mr,Second,UNK,UNK,26.25,5.25,S,4,5.00744791235775
Survived,female,Yes,26,Miss,Third,UNK,UNK,7.8542,2.61806666666667,S,2,2.13297473266721
Survived,female,Yes,24,Mrs,Second,UNK,UNK,26,6.5,S,3,6.22433435870335
Perished,male,No,54,Noble,Second,UNK,UNK,14,4.66666666666667,S,2,7.31264032889158
Survived,female,Yes,31,Miss,First,C,starboard,164.8667,32.97334,S,4,2.67781231086701
Survived,female,Yes,40,Mrs,First,E,port,134.5,26.9,C,4,7.57872377056628
Perished,male,No,22,Mr,Third,UNK,UNK,7.25,2.41666666666667,S,2,9.51420607743785
Perished,male,No,27,Mr,Third,UNK,UNK,7.8958,2.63193333333333,S,2,4.30326584726572
Survived,female,Yes,30,Miss,Second,UNK,UNK,12.35,4.11666666666667,Q,2,1.77289513172582
Survived,female,Yes,22,Mrs,Second,UNK,UNK,29,5.8,S,4,5.53948571672663
Perished,male,No,30,Mr,Third,UNK,UNK,69.55,6.32272727272727,S,10,7.39140553632751
Survived,female,Yes,36,Miss,First,C,port,135.6333,45.2111,C,2,2.76794551638886
Perished,male,No,61,Mr,Third,UNK,UNK,6.2375,2.07916666666667,S,2,1.36634361697361
Survived,female,Yes,36,Mrs,Second,D,UNK,13,4.33333333333333,S,2,1.18126130662858
Survived,female,Yes,31,Mrs,Third,UNK,UNK,20.525,4.105,S,4,3.22581975953653
Survived,female,Yes,16,Miss,First,B,port,57.9792,14.4948,C,3,4.17213952168822
Survived,female,Yes,21,Miss,Third,UNK,UNK,23.25,4.65,Q,4,9.95496402028948
Perished,male,No,45.5,Mr,First,C,port,28.5,9.5,S,2,1.03618018561974
Perished,male,No,38,Mr,First,C,starboard,153.4625,38.365625,S,3,7.90480422321707
Perished,male,No,16,Mr,Third,UNK,UNK,18,3.6,S,4,4.65068140299991
Survived,female,Yes,35,Mrs,First,UNK,UNK,133.65,33.4125,S,3,3.01397178554907
Perished,male,No,30,Mr,Third,UNK,UNK,7.8958,2.63193333333333,S,2,3.59660578658804
Perished,male,No,29,Mr,First,C,port,66.6,16.65,S,3,6.60953184822574
Survived,female,Yes,41,Miss,First,E,port,134.5,44.8333333333333,C,2,1.3579900469631
Survived,male,No,45,Mr,Third,UNK,UNK,8.05,2.68333333333333,S,2,1.6525229322724
Perished,male,No,45,Mr,First,T,UNK,35.5,11.8333333333333,S,2,0.609630586113781
Survived,male,Yes,2,Master,Second,F,port,26,5.2,S,4,8.85385273722932
Survived,female,Yes,24,Miss,First,C,starboard,263,32.875,S,7,7.00940540758893
Perished,male,No,28,Mr,Second,UNK,UNK,13,4.33333333333333,S,2,4.81630621943623
Perished,male,No,25,Mr,Second,UNK,UNK,13,4.33333333333333,S,2,9.17554898653179
Perished,male,No,36,Mr,Second,UNK,UNK,13,4.33333333333333,S,2,1.06505847768858
Survived,female,Yes,24,Miss,Second,F,starboard,13,4.33333333333333,S,2,0.286351519171149
Survived,female,Yes,40,Miss,Second,UNK,UNK,13,4.33333333333333,S,2,6.50897756451741
Survived,female,Yes,35,Mrs,Third,UNK,UNK,16.1,4.025,S,3,3.5304856300354
Survived,male,Yes,3,Master,Third,UNK,UNK,15.9,3.18,S,4,2.40689857164398
Perished,male,No,42,Mr,Third,UNK,UNK,8.6625,2.8875,S,2,5.85639633936808
Perished,male,No,23,Mr,Third,UNK,UNK,9.225,3.075,S,2,2.24465673323721
Perished,male,No,30,Mr,First,C,port,35,11.6666666666667,S,2,4.22204845584929
Perished,male,No,15,Mr,Third,UNK,UNK,7.2292,1.44584,C,4,9.8860847717151
Perished,male,No,25,Mr,Third,UNK,UNK,17.8,4.45,S,3,3.16358835669234
Perished,male,No,30,Mr,Third,UNK,UNK,7.225,2.40833333333333,C,2,7.1502745966427
Perished,male,No,28,Mr,Third,UNK,UNK,9.5,3.16666666666667,S,2,3.25296180788428
Survived,female,Yes,22,Miss,First,E,starboard,55,13.75,S,3,8.5238925809972
Perished,female,Yes,38,Miss,Second,UNK,UNK,13,4.33333333333333,S,2,7.56376219680533
Survived,female,Yes,21,Miss,Third,UNK,UNK,7.8792,2.6264,Q,2,3.47659373423085
Survived,female,Yes,21,Miss,Third,UNK,UNK,7.8792,2.6264,Q,2,7.20785139128566
Perished,male,No,40,Mr,Third,UNK,UNK,27.9,3.4875,S,7,3.06083115749061
Perished,male,No,29,Mr,Second,UNK,UNK,27.7208,6.9302,C,3,5.96780523657799
Perished,female,Yes,45,Mrs,Third,UNK,UNK,14.4542,3.61355,C,3,8.17658994812518
Perished,male,No,35,Mr,Third,UNK,UNK,7.05,2.35,S,2,9.40548400394619
Perished,male,No,30,Mr,Third,UNK,UNK,15.5,3.875,Q,3,5.3650406957604
Perished,male,No,30,Mr,Third,UNK,UNK,7.25,2.41666666666667,S,2,0.387376032304019
Survived,female,Yes,60,Mrs,First,D,starboard,75.25,18.8125,C,3,2.99954577116296
Survived,female,Yes,35,Mrs,Third,UNK,UNK,7.2292,2.40973333333333,C,2,9.63373257080093
Survived,female,Yes,21,Miss,Third,UNK,UNK,7.75,2.58333333333333,Q,2,1.11778041115031
Survived,female,Yes,24,Miss,First,B,starboard,69.3,23.1,C,2,0.181045546196401
Survived,male,No,25,Mr,First,E,port,55.4417,13.860425,C,3,2.26904725190252
Perished,male,No,18,Mr,Third,UNK,UNK,6.4958,1.62395,S,3,7.76858199387789
Perished,male,No,19,Mr,Third,UNK,UNK,8.05,2.68333333333333,S,2,9.73561888793483
Perished,male,No,22,Mr,First,UNK,UNK,135.6333,45.2111,C,2,0.590274706482887
Perished,female,Yes,3,Miss,Third,UNK,UNK,21.075,3.01071428571429,S,6,2.65700123505667
Survived,female,Yes,35,Mrs,First,UNK,UNK,82.1708,20.5427,C,3,3.195211046841
Survived,female,Yes,22,Miss,Third,UNK,UNK,7.25,2.41666666666667,S,2,3.45289199613035
Perished,male,No,27,Mr,First,C,port,211.5,42.3,C,4,7.08591318456456
Perished,male,No,20,Mr,Third,UNK,UNK,4.0125,1.3375,C,2,0.855605562683195
Perished,male,No,19,Mr,Third,UNK,UNK,7.775,2.59166666666667,S,2,1.92389666801319
Survived,female,Yes,42,Miss,First,UNK,UNK,227.525,75.8416666666667,C,2,1.52798514347523
Survived,female,Yes,1,Miss,Third,UNK,UNK,15.7417,3.14834,C,4,2.13904021540657
Perished,male,No,32,Mr,Third,UNK,UNK,7.925,2.64166666666667,S,2,5.12733334442601
Survived,female,Yes,35,Mrs,First,UNK,UNK,52,13,S,3,5.13949346262962
Perished,male,No,30,Mr,Third,UNK,UNK,7.8958,2.63193333333333,S,2,9.40430092159659
Perished,male,No,18,Mr,Second,UNK,UNK,73.5,24.5,S,2,0.0949027831666172
Perished,male,Yes,1,Master,Third,UNK,UNK,46.9,4.69,S,9,3.48834312986583
Survived,female,Yes,36,Miss,Second,UNK,UNK,13,4.33333333333333,S,2,2.36193413147703
Perished,male,No,30,Mr,Third,UNK,UNK,7.7292,2.5764,Q,2,3.97202621446922
Survived,female,Yes,17,Miss,Second,UNK,UNK,12,4,C,2,4.96260875603184
Survived,male,No,36,Mr,First,B,port,120,20,S,5,3.30578548135236
Survived,male,No,21,Mr,Third,UNK,UNK,7.7958,2.5986,S,2,2.68997395411134
Perished,male,No,28,Mr,Third,UNK,UNK,7.925,1.585,S,4,4.37381028430536
Survived,female,Yes,23,Miss,First,D,port,113.275,28.31875,C,3,2.76009425288066
Survived,female,Yes,24,Mrs,Third,G,port,16.7,3.34,S,4,7.74949954589829
Perished,male,No,22,Mr,Third,UNK,UNK,7.7958,2.5986,S,2,1.92596121923998
Perished,female,Yes,31,Miss,Third,UNK,UNK,7.8542,2.61806666666667,S,2,9.33845607331023
Perished,male,No,46,Mr,Second,UNK,UNK,26,8.66666666666667,S,2,4.79061654768884
Perished,male,No,23,Noble,Second,UNK,UNK,10.5,3.5,S,2,1.88985376618803
Survived,female,Yes,28,Mrs,Second,UNK,UNK,12.65,4.21666666666667,S,2,0.0772773381322622
Survived,male,No,39,Mr,Third,UNK,UNK,7.925,2.64166666666667,S,2,9.85730972141027
Perished,male,No,26,Mr,Third,UNK,UNK,8.05,2.68333333333333,S,2,9.71904761390761
Perished,female,Yes,21,Miss,Third,UNK,UNK,9.825,2.45625,S,3,4.98917068121955
Perished,male,No,28,Mr,Third,UNK,UNK,15.85,3.9625,S,3,3.43884352361783
Perished,female,Yes,20,Miss,Third,UNK,UNK,8.6625,2.8875,S,2,6.34813903598115
Perished,male,No,34,Mr,Second,UNK,UNK,21,5.25,S,3,1.79909455822781
Perished,male,No,51,Mr,Third,UNK,UNK,7.75,2.58333333333333,S,2,3.14928228734061
Survived,male,Yes,3,Master,Second,UNK,UNK,18.75,3.75,S,4,2.59335619164631
Perished,male,No,21,Mr,Third,UNK,UNK,7.775,2.59166666666667,S,2,0.930801837239414
Perished,female,Yes,21,Miss,Third,UNK,UNK,25.4667,3.6381,S,6,4.12407385418192
Perished,male,No,30,Mr,Third,UNK,UNK,7.8958,2.63193333333333,S,2,7.72981492336839
Perished,male,No,30,Mr,Third,UNK,UNK,6.8583,2.2861,Q,2,1.91941046155989
Survived,female,Yes,33,Miss,First,C,port,90,22.5,Q,3,5.50327159464359
Perished,male,No,30,Mr,Second,UNK,UNK,15.0229,5.00763333333333,S,2,7.63256414560601
Survived,male,No,44,Mr,Third,UNK,UNK,7.925,2.64166666666667,S,2,0.922898859716952
Perished,female,Yes,35,Mrs,Third,UNK,UNK,8.05,2.68333333333333,S,2,3.17582532064989
Survived,female,Yes,34,Mrs,Second,UNK,UNK,32.5,6.5,S,4,8.48549480782822
Survived,female,Yes,18,Miss,Second,UNK,UNK,13,2.6,S,4,2.68295671790838
Perished,male,No,30,Mr,Second,UNK,UNK,13,4.33333333333333,S,2,2.05604989314452
Perished,female,Yes,10,Miss,Third,UNK,UNK,24.15,4.83,S,4,4.78041756898165
Perished,male,No,30,Mr,Third,UNK,UNK,7.8958,2.63193333333333,C,2,5.73824020801112
Perished,male,No,21,Mr,Third,UNK,UNK,7.7333,2.57776666666667,Q,2,8.75702016986907
Perished,male,No,29,Mr,Third,UNK,UNK,7.875,2.625,S,2,4.09571047639474
Perished,female,Yes,28,Mrs,Third,UNK,UNK,14.4,2.88,S,4,2.69343609455973
Perished,male,No,18,Mr,Third,UNK,UNK,20.2125,4.0425,S,4,6.50914138182998
Perished,male,No,30,Mr,Third,UNK,UNK,7.25,2.41666666666667,S,2,7.79714551055804
Survived,female,Yes,28,Mrs,Second,UNK,UNK,26,6.5,S,3,9.6051191794686
Survived,female,Yes,19,Miss,Second,UNK,UNK,26,8.66666666666667,S,2,2.25504742702469
Perished,male,No,30,Mr,Third,UNK,UNK,7.75,2.58333333333333,Q,2,0.705532461870462
Survived,male,No,32,Mr,Third,E,port,8.05,2.68333333333333,S,2,2.92905334848911
Survived,male,No,28,Mr,First,C,port,26.55,8.85,S,2,1.99781446019188
Survived,female,Yes,35,Mrs,Third,UNK,UNK,16.1,4.025,S,3,8.72140296036378
Survived,female,Yes,42,Mrs,Second,UNK,UNK,26,6.5,S,3,2.17991141369566
Perished,male,No,17,Mr,Third,UNK,UNK,7.125,2.375,S,2,1.33180184056982
Perished,male,No,50,Mr,First,E,port,55.9,13.975,S,3,5.2147030015476
Survived,female,Yes,14,Miss,First,B,port,120,20,S,5,4.94914489332587
Perished,female,Yes,21,Miss,Third,UNK,UNK,34.375,4.91071428571429,S,6,7.36470656469464
Survived,female,Yes,24,Mrs,Second,UNK,UNK,18.75,2.34375,S,7,6.63969792192802
Perished,male,No,64,Mr,First,C,starboard,263,32.875,S,7,8.65383272990584
Perished,male,No,31,Mr,Second,UNK,UNK,10.5,3.5,S,2,4.25437841564417
Survived,female,Yes,45,Mrs,Second,UNK,UNK,26.25,5.25,S,4,9.89915573969483
Perished,male,No,20,Mr,Third,UNK,UNK,9.5,3.16666666666667,S,2,6.05775480624288
Perished,male,No,25,Mr,Third,UNK,UNK,7.775,1.94375,S,3,8.24723714031279
Survived,female,Yes,28,Mrs,Second,UNK,UNK,13,4.33333333333333,S,2,1.71800512354821
Survived,male,No,30,Mr,Third,UNK,UNK,8.1125,2.70416666666667,S,2,7.78193251229823
Survived,male,Yes,4,Master,First,A,port,81.8583,16.37166,S,4,0.46720921760425
Survived,female,Yes,13,Miss,Second,UNK,UNK,19.5,4.875,S,3,5.79721785150468
Survived,male,No,34,Mr,First,UNK,UNK,26.55,8.85,S,2,0.084679217543453
Survived,female,Yes,5,Miss,Third,UNK,UNK,19.2583,3.20971666666667,C,5,9.46631326340139
Survived,male,No,52,Noble,First,C,port,30.5,10.1666666666667,S,2,2.99008913338184
Perished,male,No,36,Mr,Second,UNK,UNK,27.75,4.625,S,5,1.57639830373228
Perished,male,No,30,Mr,Third,UNK,UNK,19.9667,4.991675,S,3,3.97801671177149
Perished,male,No,30,Mr,First,C,starboard,27.75,9.25,C,2,9.64005076093599
Survived,male,No,49,Mr,First,C,port,89.1042,22.27605,C,3,8.8925018440932
Perished,male,No,30,Mr,Third,UNK,UNK,8.05,2.68333333333333,S,2,3.67630718275905
Survived,male,No,29,Mr,Third,UNK,UNK,7.8958,2.63193333333333,C,2,6.37302155373618
Perished,male,No,65,Mr,First,E,port,26.55,8.85,S,2,7.60660671396181
Survived,female,Yes,35,Mrs,First,D,starboard,51.8625,12.965625,S,3,9.27313615567982
Survived,female,Yes,50,Miss,Second,UNK,UNK,10.5,3.5,S,2,1.941540511325
Perished,male,No,30,Mr,Third,UNK,UNK,7.75,2.58333333333333,Q,2,5.07349955150858
Survived,male,No,48,Mr,First,E,port,26.55,8.85,S,2,6.27088494366035
Perished,male,No,34,Mr,Third,UNK,UNK,8.05,2.68333333333333,S,2,5.76320660300553
Perished,male,No,47,Mr,First,E,starboard,38.5,12.8333333333333,S,2,4.407951857429
Perished,male,No,48,Mr,Second,UNK,UNK,13,4.33333333333333,S,2,3.23747027432546
Perished,male,No,30,Mr,Third,UNK,UNK,8.05,2.68333333333333,S,2,4.83027762267739
Perished,male,No,38,Mr,Third,UNK,UNK,7.05,2.35,S,2,8.9056698186323
Perished,male,No,30,Mr,Second,UNK,UNK,15.0229,5.00763333333333,S,2,5.37435177247971
Perished,male,No,56,Mr,First,UNK,UNK,26.55,8.85,S,2,5.4644837602973
Perished,male,No,30,Mr,Third,UNK,UNK,7.725,2.575,Q,2,3.13055054750293
Survived,female,Yes,0.75,Miss,Third,UNK,UNK,19.2583,3.20971666666667,C,5,5.46380573417991
Perished,male,No,30,Mr,Third,UNK,UNK,7.25,2.41666666666667,S,2,3.29296210082248
Perished,male,No,38,Mr,Third,UNK,UNK,8.6625,2.8875,S,2,2.21875495044515
Survived,female,Yes,33,Mrs,Second,UNK,UNK,27.75,4.625,S,5,5.21106189815328
Survived,female,Yes,23,Mrs,Second,D,UNK,13.7917,4.59723333333333,C,2,9.05935859307647
Perished,female,Yes,22,Miss,Third,UNK,UNK,9.8375,3.27916666666667,S,2,7.51432582968846
Perished,male,No,30,Mr,First,A,port,52,17.3333333333333,S,2,6.0609246394597
Perished,male,No,34,Mr,Second,UNK,UNK,21,5.25,S,3,8.3775742771104
Perished,male,No,29,Mr,Third,UNK,UNK,7.0458,1.76145,S,3,1.18649065028876
Perished,male,No,22,Mr,Third,UNK,UNK,7.5208,2.50693333333333,S,2,1.46156834904104
Survived,female,Yes,2,Miss,Third,UNK,UNK,12.2875,3.071875,S,3,8.71277495287359
Perished,male,Yes,9,Master,Third,UNK,UNK,46.9,4.69,S,9,6.75247739301994
Perished,male,No,30,Mr,Second,UNK,UNK,15.0229,5.00763333333333,S,2,1.30166114540771
Perished,male,No,50,Mr,Third,UNK,UNK,8.05,2.68333333333333,S,2,7.66009114915505
Survived,female,Yes,63,Mrs,Third,UNK,UNK,9.5875,3.19583333333333,S,2,5.99953998345882
Survived,male,No,25,Mr,First,B,starboard,91.0792,22.7698,C,3,6.94914632942528
Perished,female,Yes,21,Miss,Third,UNK,UNK,25.4667,3.6381,S,6,1.86473900219426
Survived,female,Yes,35,Mrs,First,C,starboard,90,22.5,S,3,3.23408138938248
Perished,male,No,58,Mr,First,B,starboard,29.7,9.9,C,2,6.83642191812396
Perished,male,No,30,Mr,Third,UNK,UNK,8.05,2.68333333333333,S,2,5.94146271236241
Survived,male,Yes,9,Master,Third,UNK,UNK,15.9,3.18,S,4,8.68796295486391
Perished,male,No,30,Mr,Third,UNK,UNK,19.9667,4.991675,S,3,8.62232975196093
Perished,male,No,21,Mr,Third,UNK,UNK,7.25,2.41666666666667,S,2,2.29405692545697
Perished,male,No,55,Mr,First,C,port,30.5,10.1666666666667,S,2,9.2133147479035
Perished,male,No,71,Mr,First,UNK,UNK,49.5042,16.5014,C,2,1.98033711640164
Perished,male,No,21,Mr,Third,UNK,UNK,8.05,2.68333333333333,S,2,9.9306692648679
Perished,male,No,30,Mr,Third,UNK,UNK,14.4583,4.81943333333333,C,2,0.568566259462386
Survived,female,Yes,54,Miss,First,D,port,78.2667,19.566675,C,3,5.54738718783483
Perished,male,No,30,Mr,Third,UNK,UNK,15.1,5.03333333333333,S,2,8.05264324648306
Perished,female,Yes,25,Mrs,First,C,port,151.55,25.2583333333333,S,5,1.50471976958215
Perished,male,No,24,Mr,Third,UNK,UNK,7.7958,2.5986,S,2,2.1863646293059
Perished,male,No,17,Mr,Third,UNK,UNK,8.6625,2.8875,S,2,8.72515119379386
Perished,female,Yes,21,Miss,Third,UNK,UNK,7.75,2.58333333333333,Q,2,8.41486746678129
Perished,female,Yes,21,Miss,Third,UNK,UNK,7.6292,2.54306666666667,Q,2,4.32831372367218
Perished,female,Yes,37,Miss,Third,UNK,UNK,9.5875,3.19583333333333,S,2,4.92723720148206
Survived,female,Yes,16,Miss,First,B,starboard,86.5,28.8333333333333,S,2,1.07582174707204
Perished,male,No,18,Mr,First,C,starboard,108.9,27.225,C,3,2.35984379658476
Survived,female,Yes,33,Mrs,Second,UNK,UNK,26,5.2,S,4,9.68773109372705
Survived,male,No,30,Mr,First,UNK,UNK,26.55,8.85,S,2,5.0600425619632
Perished,male,No,28,Mr,Third,UNK,UNK,22.525,7.50833333333333,S,2,6.89918242394924
Survived,male,No,26,Mr,Third,UNK,UNK,56.4958,18.8319333333333,S,2,6.64138018386438
Survived,male,No,29,Mr,Third,UNK,UNK,7.75,2.58333333333333,Q,2,1.20113953948021
Perished,male,No,30,Mr,Third,UNK,UNK,8.05,2.68333333333333,S,2,3.396903607063
Survived,male,No,36,Mr,First,E,starboard,26.2875,8.7625,S,2,4.73752676043659
Survived,female,Yes,54,Mrs,First,UNK,UNK,59.4,14.85,C,3,6.27766604768112
Perished,male,No,24,Mr,Third,UNK,UNK,7.4958,2.4986,S,2,7.05748258857056
Perished,male,No,47,Mr,First,D,port,34.0208,11.3402666666667,S,2,7.45853144675493
Survived,female,Yes,34,Mrs,Second,F,starboard,10.5,3.5,S,2,7.60045964038
Perished,male,No,30,Mr,Third,UNK,UNK,24.15,8.05,Q,2,5.26949544204399
Survived,female,Yes,36,Mrs,Second,UNK,UNK,26,6.5,S,3,6.69844277668744
Perished,male,No,32,Mr,Third,UNK,UNK,7.8958,2.63193333333333,S,2,0.941352597437799
Survived,female,Yes,30,Miss,First,B,starboard,93.5,31.1666666666667,S,2,7.69253117032349
Perished,male,No,22,Mr,Third,UNK,UNK,7.8958,2.63193333333333,S,2,8.49138494813815
Perished,male,No,30,Mr,Third,UNK,UNK,7.225,2.40833333333333,C,2,7.17080367496237
Survived,female,Yes,44,Mrs,First,B,port,57.9792,14.4948,C,3,7.23803933477029
Perished,male,No,30,Mr,Third,UNK,UNK,7.2292,2.40973333333333,C,2,9.25339376088232
Perished,male,No,40.5,Mr,Third,UNK,UNK,7.75,2.58333333333333,Q,2,8.83443399332464
Survived,female,Yes,50,Miss,Second,UNK,UNK,10.5,3.5,S,2,8.44653446692973
Perished,male,No,30,Mr,First,C,starboard,221.7792,73.9264,S,2,3.53137072175741
Perished,male,No,39,Mr,Third,UNK,UNK,7.925,2.64166666666667,S,2,3.49441329482943
Perished,male,No,23,Mr,Second,UNK,UNK,11.5,1.91666666666667,S,5,6.97291156975552
Survived,female,Yes,2,Miss,Second,UNK,UNK,26,5.2,S,4,0.950896665453911
Perished,male,No,30,Mr,Third,UNK,UNK,7.2292,2.40973333333333,C,2,4.94831600226462
Perished,male,No,17,Mr,Third,UNK,UNK,7.2292,1.44584,C,4,3.27968666795641
Survived,female,Yes,35,Mrs,Third,UNK,UNK,22.3583,4.47166,C,4,8.82886522449553
Perished,female,Yes,30,Miss,Third,UNK,UNK,8.6625,2.8875,S,2,7.51722067594528
Survived,female,Yes,7,Miss,Second,UNK,UNK,26.25,5.25,S,4,6.25293294899166
Perished,male,No,45,Noble,First,B,port,26.55,8.85,S,2,0.24126511067152
Survived,female,Yes,30,Miss,First,UNK,UNK,106.425,35.475,C,2,8.84311876259744
Perished,male,No,30,Mr,Third,UNK,UNK,14.5,4.83333333333333,S,2,0.413493344094604
Survived,female,Yes,22,Miss,First,B,starboard,49.5,9.9,C,4,6.08178415801376
Survived,female,Yes,36,Miss,First,B,port,71,14.2,S,4,9.34677720302716
Perished,female,Yes,9,Miss,Third,UNK,UNK,31.275,3.475,S,8,9.55232798587531
Perished,female,Yes,11,Miss,Third,UNK,UNK,31.275,3.475,S,8,7.80859602149576
Survived,male,No,32,Mr,Second,UNK,UNK,26,6.5,S,3,4.45251335389912
Perished,male,No,50,Mr,First,C,port,106.425,26.60625,C,3,8.08536300435662
Perished,male,No,64,Mr,First,UNK,UNK,26,8.66666666666667,S,2,1.09308821614832
Survived,female,Yes,19,Mrs,Second,UNK,UNK,26,6.5,S,3,7.57841002196074
Survived,male,No,30,Mr,Second,UNK,UNK,13.8625,4.62083333333333,C,2,4.97932937694713
Perished,male,No,33,Mr,Third,UNK,UNK,20.525,4.105,S,4,8.68807936320081
Survived,male,Yes,8,Master,Second,UNK,UNK,36.75,7.35,S,4,9.09399025142193
Survived,male,No,17,Mr,First,C,port,110.8833,22.17666,C,4,3.35809709737077
Perished,male,No,27,Mr,Second,UNK,UNK,26,8.66666666666667,S,2,3.45756520750001
Perished,male,No,30,Mr,Third,UNK,UNK,7.8292,2.60973333333333,Q,2,0.121245924383402
Survived,male,No,22,Mr,Third,UNK,UNK,7.225,2.40833333333333,C,2,1.68110950384289
Survived,female,Yes,22,Miss,Third,UNK,UNK,7.775,2.59166666666667,S,2,8.5993929230608
Perished,male,No,62,Mr,First,UNK,UNK,26.55,8.85,S,2,0.425512040965259
Survived,female,Yes,48,Noble,First,A,port,39.6,9.9,C,3,4.77975392481312
Perished,male,No,30,Mr,First,UNK,UNK,227.525,75.8416666666667,C,2,1.55706462217495
Survived,female,Yes,39,Mrs,First,E,starboard,79.65,15.93,S,4,9.57603302085772
Survived,female,Yes,36,Mrs,Third,UNK,UNK,17.4,4.35,S,3,1.72973593696952
Perished,male,No,30,Mr,Third,UNK,UNK,7.75,2.58333333333333,Q,2,0.732120599132031
Perished,male,No,40,Mr,Third,UNK,UNK,7.8958,2.63193333333333,S,2,2.34050453640521
Perished,male,No,28,Mr,Second,UNK,UNK,13.5,4.5,S,2,4.78376243729144
Perished,male,No,30,Mr,Third,UNK,UNK,8.05,2.68333333333333,S,2,0.619176120962948
Perished,female,Yes,21,Miss,Third,UNK,UNK,8.05,2.68333333333333,S,2,4.19980728067458
Perished,male,No,24,Mr,Third,UNK,UNK,24.15,4.83,S,4,5.57563243433833
Perished,male,No,19,Mr,Third,UNK,UNK,7.8958,2.63193333333333,S,2,1.21664603706449
Perished,female,Yes,29,Mrs,Third,UNK,UNK,21.075,3.01071428571429,S,6,4.33835678268224
Perished,male,No,30,Mr,Third,UNK,UNK,7.2292,2.40973333333333,C,2,1.61923493957147
Survived,male,No,32,Mr,Third,UNK,UNK,7.8542,2.61806666666667,S,2,1.26302349381149
Survived,male,No,62,Mr,Second,UNK,UNK,10.5,3.5,S,2,3.45253396080807
Survived,female,Yes,53,Mrs,First,C,starboard,51.4792,10.29584,S,4,4.39455972751603
Survived,male,No,36,Mr,First,E,starboard,26.3875,8.79583333333333,S,2,7.07450153073296
Survived,female,Yes,21,Miss,Third,UNK,UNK,7.75,2.58333333333333,Q,2,1.83310422580689
Perished,male,No,16,Mr,Third,UNK,UNK,8.05,2.68333333333333,S,2,6.82950509479269
Perished,male,No,19,Mr,Third,UNK,UNK,14.5,4.83333333333333,S,2,3.07236472610384
Survived,female,Yes,34,Miss,Second,UNK,UNK,13,4.33333333333333,S,2,7.08818640792742
Survived,female,Yes,39,Mrs,First,E,port,55.9,13.975,S,3,6.53903973288834
Perished,female,Yes,35,Mrs,Third,UNK,UNK,14.4583,3.614575,C,3,9.52980124391615
Survived,male,No,32,Mr,Third,UNK,UNK,7.925,2.64166666666667,S,2,2.39058207953349
Survived,female,Yes,25,Miss,Second,UNK,UNK,30,6,S,4,6.89713451080024
Survived,female,Yes,39,Mrs,First,C,port,110.8833,22.17666,C,4,5.89091575937346
Perished,male,No,54,Mr,Second,UNK,UNK,26,8.66666666666667,S,2,5.74710833840072
Perished,male,No,36,Mr,First,A,port,40.125,13.375,C,2,5.61947469133884
Perished,male,No,30,Mr,Third,UNK,UNK,8.7125,2.90416666666667,C,2,7.42972308536991
Survived,female,Yes,18,Miss,First,E,port,79.65,15.93,S,4,2.89638769580051
Perished,male,No,47,Mr,Second,UNK,UNK,15,5,S,2,9.95012323372066
Survived,male,No,60,Mr,First,B,starboard,79.2,15.84,C,4,0.043068325612694
Perished,male,No,22,Mr,Third,UNK,UNK,8.05,2.68333333333333,S,2,5.07485830923542
Perished,male,No,30,Mr,Third,UNK,UNK,8.05,2.68333333333333,S,2,5.65243957331404
Perished,male,No,35,Mr,Third,UNK,UNK,7.125,2.375,S,2,6.52703211875632
Survived,female,Yes,52,Mrs,First,D,port,78.2667,19.566675,C,3,5.57215712498873
Perished,male,No,47,Mr,Third,UNK,UNK,7.25,2.41666666666667,S,2,4.15395835181698
Perished,female,Yes,21,Miss,Third,UNK,UNK,7.75,1.55,Q,4,3.09236844768748
Perished,male,No,37,Mr,Second,UNK,UNK,26,6.5,S,3,1.90845525590703
Perished,male,No,36,Mr,Third,UNK,UNK,24.15,4.83,S,4,4.60978483548388
Survived,female,Yes,21,Miss,Second,UNK,UNK,33,11,S,2,0.603844195138663
Perished,male,No,49,Mr,Third,UNK,UNK,8.05,2.68333333333333,S,2,1.28681560279801
Perished,male,No,30,Mr,Third,UNK,UNK,7.225,2.40833333333333,C,2,3.09015175094828
Survived,male,No,49,Noble,First,A,port,56.9292,14.2323,C,3,5.725209324155
Survived,female,Yes,24,Mrs,Second,UNK,UNK,27,4.5,S,5,9.30756041081622
Perished,male,No,30,Mr,Third,UNK,UNK,7.8958,2.63193333333333,S,2,0.701839230023324
Perished,male,No,30,Mr,First,UNK,UNK,42.4,14.1333333333333,S,2,9.74553510313854
Perished,male,No,44,Mr,Third,UNK,UNK,8.05,2.68333333333333,S,2,1.01534036453813
Survived,male,No,35,Mr,First,UNK,UNK,26.55,8.85,C,2,6.51468318188563
Perished,male,No,36,Mr,Third,UNK,UNK,15.55,3.8875,S,3,3.92799158347771
Perished,male,No,30,Mr,Third,UNK,UNK,7.8958,2.63193333333333,S,2,0.496350752655417
Survived,male,No,27,Mr,First,UNK,UNK,30.5,10.1666666666667,S,2,1.30974906031042
Survived,female,Yes,22,Mrs,Second,UNK,UNK,41.5792,6.92986666666667,C,5,3.37377387098968
Survived,female,Yes,40,Miss,First,C,starboard,153.4625,51.1541666666667,S,2,6.44914267351851
Perished,female,Yes,39,Mrs,Third,UNK,UNK,31.275,3.475,S,8,7.86700068507344
Perished,male,No,30,Mr,Third,UNK,UNK,7.05,2.35,S,2,2.57893407717347
Survived,female,Yes,21,Miss,Third,UNK,UNK,15.5,3.875,Q,3,0.646098656579852
Perished,male,No,30,Mr,Third,UNK,UNK,7.75,2.58333333333333,Q,2,3.83149861823767
Perished,male,No,35,Mr,Third,UNK,UNK,8.05,2.68333333333333,S,2,1.41981133027002
Survived,female,Yes,24,Miss,Second,UNK,UNK,65,10.8333333333333,S,5,7.74632803397253
Perished,male,No,34,Mr,Third,UNK,UNK,14.4,2.88,S,4,1.23098421143368
Perished,female,Yes,26,Mrs,Third,UNK,UNK,16.1,4.025,S,3,5.5997931282036
Survived,female,Yes,4,Miss,Second,F,port,39,6.5,S,5,5.45754035469145
Perished,male,No,26,Mr,Second,UNK,UNK,10.5,3.5,S,2,2.92519043665379
Perished,male,No,27,Mr,Third,UNK,UNK,14.4542,3.61355,C,3,5.65658373758197
Survived,male,No,42,Mr,First,D,starboard,52.5542,13.13855,S,3,1.0984314372763
Survived,male,No,20,Mr,Third,UNK,UNK,15.7417,3.14834,C,4,8.35717833833769
Perished,male,No,21,Mr,Third,UNK,UNK,7.8542,2.61806666666667,S,2,5.4866002779454
Perished,male,No,21,Mr,Third,UNK,UNK,16.1,5.36666666666667,S,2,7.72378823952749
Perished,male,No,61,Mr,First,D,port,32.3208,10.7736,S,2,9.60191875696182
Perished,male,No,57,Noble,Second,UNK,UNK,12.35,4.11666666666667,Q,2,5.5720874806866
Survived,female,Yes,21,Miss,First,D,starboard,77.9583,25.9861,S,2,9.89784747594967
Perished,male,No,26,Mr,Third,UNK,UNK,7.8958,2.63193333333333,S,2,0.131055498495698
Perished,male,No,30,Mr,Third,UNK,UNK,7.7333,2.57776666666667,Q,2,5.70883351843804
Survived,male,No,80,Mr,First,A,starboard,30,10,S,2,9.46761646075174
Perished,male,No,51,Mr,Third,UNK,UNK,7.0542,2.3514,S,2,8.95428171614185
Survived,male,No,32,Noble,First,B,port,30.5,10.1666666666667,C,2,1.63581150351092
Perished,male,No,30,Mr,First,UNK,UNK,61.9792,20.6597333333333,S,2,6.66155229555443
Perished,female,Yes,9,Miss,Third,UNK,UNK,27.9,3.4875,S,7,4.45135290501639
Survived,female,Yes,28,Miss,Second,UNK,UNK,13,4.33333333333333,S,2,1.87494344078004
Perished,male,No,32,Mr,Third,UNK,UNK,7.925,2.64166666666667,S,2,2.02019946184009
Perished,male,No,31,Mr,Second,UNK,UNK,26.25,5.25,S,4,5.86687447503209
Perished,female,Yes,41,Mrs,Third,UNK,UNK,39.6875,4.9609375,S,7,6.55021428829059
Perished,male,No,30,Mr,Third,UNK,UNK,16.1,4.025,S,3,1.4463128731586
Perished,male,No,20,Mr,Third,UNK,UNK,7.8542,2.61806666666667,S,2,5.66767306532711
Survived,female,Yes,24,Miss,First,B,starboard,69.3,23.1,C,2,0.204321600031108
Perished,female,Yes,2,Miss,Third,UNK,UNK,27.9,3.4875,S,7,7.08873261930421
Survived,male,No,30,Mr,Third,UNK,UNK,56.4958,18.8319333333333,S,2,8.95959567977116
Survived,female,Yes,0.75,Miss,Third,UNK,UNK,19.2583,3.20971666666667,C,5,5.84179380442947
Survived,male,No,48,Mr,First,D,starboard,76.7292,19.1823,C,3,7.47376095270738
Perished,male,No,19,Mr,Third,UNK,UNK,7.8958,2.63193333333333,S,2,0.576914856210351
Survived,male,No,56,Noble,First,A,port,35.5,11.8333333333333,C,2,5.80558941932395
Perished,male,No,30,Mr,Third,UNK,UNK,7.55,2.51666666666667,S,2,1.43873852910474
Survived,female,Yes,23,Miss,Third,UNK,UNK,7.55,2.51666666666667,S,2,6.14810562226921
Perished,male,No,30,Mr,Third,UNK,UNK,7.8958,2.63193333333333,S,2,6.08618308790028
Survived,female,Yes,18,Miss,Second,UNK,UNK,23,5.75,S,3,3.50992613937706
Perished,male,No,21,Mr,Third,UNK,UNK,8.4333,2.8111,S,2,8.89339905697852
Survived,female,Yes,21,Miss,Third,UNK,UNK,7.8292,2.60973333333333,Q,2,0.0375029281713068
Perished,female,Yes,18,Miss,Third,UNK,UNK,6.75,2.25,Q,2,2.5664615444839
Perished,male,No,24,Mr,Second,UNK,UNK,73.5,14.7,S,4,4.83024470740929
Perished,male,No,30,Mr,Third,UNK,UNK,7.8958,2.63193333333333,S,2,0.0641302112489939
Perished,female,Yes,32,Mrs,Third,UNK,UNK,15.5,3.1,Q,4,8.09528115205467
Perished,male,No,23,Mr,Second,UNK,UNK,13,4.33333333333333,S,2,6.51613553753123
Perished,male,No,58,Mr,First,D,port,113.275,22.655,C,4,2.65520721906796
Survived,male,No,50,Noble,First,UNK,UNK,133.65,26.73,S,4,0.0287482794374228
Perished,male,No,40,Mr,Third,UNK,UNK,7.225,2.40833333333333,C,2,0.418710431549698
Perished,male,No,47,Mr,First,E,port,25.5875,8.52916666666667,S,2,2.2811418841593
Perished,male,No,36,Mr,Third,UNK,UNK,7.4958,2.4986,S,2,0.791908844839782
Survived,male,No,20,Mr,Third,UNK,UNK,7.925,1.98125,S,3,7.20701832324266
Perished,male,No,32,Mr,Second,UNK,UNK,73.5,14.7,S,4,1.19912234833464
Perished,male,No,25,Mr,Second,UNK,UNK,13,4.33333333333333,S,2,9.72303191432729
Perished,male,No,30,Mr,Third,UNK,UNK,7.775,2.59166666666667,S,2,0.195337496697903
Perished,male,No,43,Mr,Third,UNK,UNK,8.05,2.68333333333333,S,2,1.33423967752606
Survived,female,Yes,35,Mrs,First,C,port,52,13,S,3,2.74004672886804
Survived,female,Yes,40,Mrs,Second,UNK,UNK,39,7.8,S,4,0.432643401436508
Perished,male,No,31,Mr,First,B,starboard,52,13,S,3,6.76872242474928
Perished,male,No,70,Mr,Second,UNK,UNK,10.5,3.5,S,2,1.88785948557779
Survived,male,No,31,Mr,Second,UNK,UNK,13,4.33333333333333,S,2,7.77606455609202
Perished,male,No,30,Mr,Second,UNK,UNK,15.0229,5.00763333333333,S,2,3.1438350235112
Perished,male,No,18,Mr,Third,UNK,UNK,7.775,2.59166666666667,S,2,2.15935494285077
Perished,male,No,24.5,Mr,Third,UNK,UNK,8.05,2.68333333333333,S,2,4.72366734407842
Survived,female,Yes,18,Miss,Third,UNK,UNK,9.8417,3.28056666666667,S,2,6.68842433253303
Perished,female,Yes,43,Mrs,Third,UNK,UNK,46.9,4.69,S,9,7.99130700761452
Survived,male,No,36,Mr,First,B,starboard,512.3292,128.0823,C,3,7.79178702970967
Perished,female,Yes,21,Miss,Third,UNK,UNK,8.1375,2.7125,Q,2,7.92595901992172
Survived,male,No,27,Mr,First,D,starboard,76.7292,25.5764,C,2,4.75273869000375
Perished,male,No,20,Mr,Third,UNK,UNK,9.225,3.075,S,2,3.4209858183749
Perished,male,Yes,14,Mr,Third,UNK,UNK,46.9,4.69,S,9,2.49266492668539
Perished,male,No,60,Mr,Second,UNK,UNK,39,7.8,S,4,9.17577511165291
Perished,male,No,25,Mr,Second,UNK,UNK,41.5792,6.92986666666667,C,5,6.02126995334402
Perished,male,Yes,14,Mr,Third,UNK,UNK,39.6875,4.9609375,S,7,2.79968880815431
Perished,male,No,19,Mr,Third,UNK,UNK,10.1708,3.39026666666667,S,2,5.57025005575269
Perished,male,No,18,Mr,Third,UNK,UNK,7.7958,2.5986,S,2,4.681124354247
Survived,female,Yes,15,Miss,First,B,starboard,211.3375,52.834375,S,3,0.87211336940527
Survived,male,No,31,Mr,First,B,port,57,14.25,S,3,2.62229984393343
Survived,female,Yes,4,Miss,Third,UNK,UNK,13.4167,3.354175,C,3,3.39259108528495
Survived,male,No,30,Mr,Third,UNK,UNK,56.4958,18.8319333333333,S,2,3.89092851197347
Perished,male,No,25,Mr,Third,UNK,UNK,7.225,2.40833333333333,C,2,7.88031738251448
Perished,male,No,60,Noble,First,UNK,UNK,26.55,8.85,S,2,5.1702133868821
Perished,male,No,52,Mr,Second,UNK,UNK,13.5,4.5,S,2,2.95845141634345
Perished,male,No,44,Mr,Third,UNK,UNK,8.05,2.68333333333333,S,2,4.25995503552258
Survived,female,Yes,21,Miss,Third,UNK,UNK,7.7333,2.57776666666667,Q,2,3.841535190586
Perished,male,No,49,Mr,First,C,port,110.8833,22.17666,C,4,4.3906888528727
Perished,male,No,42,Mr,Third,F,starboard,7.65,2.55,S,2,6.57403777120635
Survived,female,Yes,18,Mrs,First,C,port,227.525,56.88125,C,3,3.64880600711331
Survived,male,No,35,Mr,First,E,port,26.2875,8.7625,S,2,5.67848258186132
Perished,female,Yes,18,Miss,Third,UNK,UNK,14.4542,3.61355,C,3,9.28091048728675
Perished,male,No,25,Mr,Third,UNK,UNK,7.7417,2.58056666666667,Q,2,9.5759764011018
Perished,male,No,26,Mr,Third,UNK,UNK,7.8542,1.96355,S,3,1.06962617021054
Perished,male,No,39,Mr,Second,UNK,UNK,26,8.66666666666667,S,2,3.32414811244234
Survived,female,Yes,45,Mrs,Second,UNK,UNK,13.5,4.5,S,2,3.94840682856739
Survived,male,No,42,Mr,First,E,port,26.2875,8.7625,S,2,2.51086171483621
Survived,female,Yes,22,Miss,First,UNK,UNK,151.55,50.5166666666667,S,2,8.88549310853705
Survived,male,Yes,3.5,Master,Third,UNK,UNK,15.2458,3.04916,C,4,0.972537328489125
Survived,female,Yes,24,Miss,First,C,port,49.5042,16.5014,C,2,4.39663650467992
Perished,male,No,30,Mr,First,C,port,26.55,8.85,S,2,4.26882064435631
Survived,male,No,48,Mr,First,C,port,52,13,S,3,4.73074068780988
Perished,male,No,29,Mr,Third,UNK,UNK,9.4833,3.1611,S,2,1.2823737738654
Perished,male,No,52,Mr,Second,UNK,UNK,13,4.33333333333333,S,2,7.75549940997735
Perished,male,No,19,Mr,Third,F,starboard,7.65,2.55,S,2,6.7595200939104
Survived,female,Yes,38,Miss,First,C,starboard,227.525,75.8416666666667,C,2,0.82264292286709
Survived,female,Yes,27,Miss,Second,E,starboard,10.5,3.5,S,2,5.01058370573446
Perished,male,No,30,Mr,Third,UNK,UNK,15.5,5.16666666666667,Q,2,2.66099805710837
Perished,male,No,33,Mr,Third,UNK,UNK,7.775,2.59166666666667,S,2,5.87305805878714
Survived,female,Yes,6,Miss,Second,UNK,UNK,33,8.25,S,3,6.03161743143573
Perished,male,No,17,Mr,Third,UNK,UNK,7.0542,1.76355,S,3,0.719371142331511
Perished,male,No,34,Mr,Second,UNK,UNK,13,4.33333333333333,S,2,9.10431642085314
Perished,male,No,50,Mr,Second,UNK,UNK,13,4.33333333333333,S,2,8.82380619877949
Survived,male,No,27,Mr,First,E,port,53.1,13.275,S,3,4.59920862689614
Perished,male,No,20,Mr,Third,UNK,UNK,8.6625,2.8875,S,2,3.46166147850454
Survived,female,Yes,30,Mrs,Second,UNK,UNK,21,3.5,S,5,7.41268693236634
Survived,female,Yes,21,Miss,Third,UNK,UNK,7.7375,2.57916666666667,Q,2,3.74960231827572
Perished,male,No,25,Mr,Second,UNK,UNK,26,6.5,S,3,5.86324094794691
Perished,female,Yes,25,Miss,Third,UNK,UNK,7.925,1.98125,S,3,6.4854866056703
Survived,female,Yes,29,Miss,First,B,starboard,211.3375,70.4458333333333,S,2,6.57914679031819
Perished,male,Yes,11,Mr,Third,UNK,UNK,18.7875,6.2625,C,2,7.29626913322136
Perished,male,No,30,Mr,Second,UNK,UNK,15.0229,5.00763333333333,S,2,8.05684498976916
Perished,male,No,23,Mr,Second,UNK,UNK,13,4.33333333333333,S,2,8.82926681544632
Perished,male,No,23,Mr,Second,UNK,UNK,13,4.33333333333333,S,2,3.33498247666284
Perished,male,No,28.5,Mr,Third,UNK,UNK,16.1,5.36666666666667,S,2,0.954312412068248
Perished,female,Yes,48,Mrs,Third,UNK,UNK,34.375,4.91071428571429,S,6,1.55783341731876
Survived,male,No,35,Mr,First,B,starboard,512.3292,170.7764,C,2,8.66673505399376
Perished,male,No,30,Mr,Third,UNK,UNK,7.8958,2.63193333333333,S,2,5.31176723306999
Perished,male,No,30,Mr,Third,UNK,UNK,7.8958,2.63193333333333,S,2,6.21080504031852
Survived,male,No,30,Mr,First,D,starboard,30,10,S,2,6.10600981628522
Perished,male,No,36,Mr,First,C,port,78.85,19.7125,S,3,0.667994199320674
Survived,female,Yes,21,Miss,First,B,port,262.375,37.4821428571429,C,6,8.51441698148847
Perished,male,No,24,Mr,Third,UNK,UNK,16.1,4.025,S,3,7.28834341280162
Survived,male,No,31,Mr,Third,UNK,UNK,7.925,2.64166666666667,S,2,3.15489270258695
Perished,male,No,70,Noble,First,B,port,71,14.2,S,4,3.33394147455692
Perished,male,No,16,Mr,Third,UNK,UNK,20.25,4.05,S,4,1.20055155130103
Survived,female,Yes,30,Miss,Second,UNK,UNK,13,4.33333333333333,S,2,1.96940904017538
Perished,male,No,19,Mr,First,D,port,53.1,13.275,S,3,4.5577269140631
Perished,male,No,31,Mr,Third,UNK,UNK,7.75,2.58333333333333,Q,2,7.90901698637754
Survived,female,Yes,4,Miss,Second,UNK,UNK,23,4.6,S,4,8.55040093651041
Survived,male,Yes,6,Master,Third,E,starboard,12.475,3.11875,S,3,6.27581042936072
Perished,male,No,33,Mr,Third,UNK,UNK,9.5,3.16666666666667,S,2,5.40289519820362
Perished,male,No,23,Mr,Third,UNK,UNK,7.8958,2.63193333333333,S,2,1.1906118504703
Survived,female,Yes,48,Mrs,Second,UNK,UNK,65,10.8333333333333,S,5,5.10382022475824
Survived,male,Yes,0.67,Master,Second,UNK,UNK,14.5,2.9,S,4,8.35618129465729
Perished,male,No,28,Mr,Third,UNK,UNK,7.7958,2.5986,S,2,5.82633410347626
Perished,male,No,18,Mr,Second,UNK,UNK,11.5,3.83333333333333,S,2,5.13586587505415
Perished,male,No,34,Mr,Third,UNK,UNK,8.05,2.68333333333333,S,2,5.18366331933066
Survived,female,Yes,33,Mrs,First,B,starboard,86.5,28.8333333333333,S,2,1.95606443099678
Perished,male,No,30,Mr,Third,UNK,UNK,14.5,4.83333333333333,S,2,3.31569903064519
Perished,male,No,41,Mr,Third,UNK,UNK,7.125,2.375,S,2,2.21048393286765
Survived,male,No,20,Mr,Third,UNK,UNK,7.2292,2.40973333333333,C,2,6.07725892448798
Survived,female,Yes,36,Mrs,First,B,port,120,20,S,5,2.36279472941533
Perished,male,No,16,Mr,Third,UNK,UNK,7.775,2.59166666666667,S,2,1.79892739281058
Survived,female,Yes,51,Mrs,First,D,starboard,77.9583,19.489575,S,3,2.11630036123097
Perished,male,No,46.5,Noble,First,UNK,UNK,39.6,13.2,C,2,7.57697229040787
Perished,female,Yes,30.5,Miss,Third,UNK,UNK,7.75,2.58333333333333,Q,2,9.25263525452465
Perished,male,No,30,Mr,Third,UNK,UNK,24.15,6.0375,Q,3,3.97007759893313
Perished,male,No,32,Mr,Third,UNK,UNK,8.3625,2.7875,S,2,5.35810598405078
Perished,male,No,24,Mr,Third,UNK,UNK,9.5,3.16666666666667,S,2,9.27129957126454
Perished,male,No,48,Mr,Third,UNK,UNK,7.8542,2.61806666666667,S,2,8.00122338347137
Perished,female,Yes,57,Mrs,Second,E,starboard,10.5,3.5,S,2,4.30151317967102
Perished,male,No,30,Mr,Third,UNK,UNK,7.225,2.40833333333333,C,2,7.37854498904198
Survived,female,Yes,54,Mrs,Second,UNK,UNK,23,3.28571428571429,S,6,2.41129401139915
Perished,male,No,18,Mr,Third,UNK,UNK,7.75,2.58333333333333,S,2,6.06864711735398
Perished,male,No,30,Mr,Third,F,port,7.75,2.58333333333333,Q,2,0.948174584191293
Survived,female,Yes,5,Miss,Third,UNK,UNK,12.475,4.15833333333333,S,2,2.24440874997526
Perished,male,No,30,Mr,Third,UNK,UNK,7.7375,2.57916666666667,Q,2,3.04194038035348
Survived,female,Yes,43,Mrs,First,B,starboard,211.3375,52.834375,S,3,3.00085719907656
Survived,female,Yes,13,Miss,Third,UNK,UNK,7.2292,2.40973333333333,C,2,8.53328854311258
Survived,female,Yes,17,Mrs,First,B,port,57,14.25,S,3,4.13031698670238
Perished,male,No,29,Mr,First,D,port,30,10,S,2,3.50459360284731
Perished,male,No,30,Mr,Third,UNK,UNK,23.45,3.90833333333333,S,5,8.46583710517734
Perished,male,No,25,Mr,Third,UNK,UNK,7.05,2.35,S,2,0.581881322432309
Perished,male,No,25,Mr,Third,UNK,UNK,7.25,2.41666666666667,S,2,5.59887493727729
Survived,female,Yes,18,Miss,Third,UNK,UNK,7.4958,2.4986,S,2,8.11744724866003
Perished,male,Yes,8,Master,Third,UNK,UNK,29.125,3.640625,Q,7,5.15814437065274
Survived,male,Yes,1,Master,Third,UNK,UNK,20.575,3.42916666666667,S,5,1.41077319160104
Perished,male,No,46,Mr,First,B,port,79.2,26.4,C,2,5.40375123498961
Perished,male,No,30,Mr,Third,UNK,UNK,7.75,2.58333333333333,Q,2,7.58985564112663
Perished,male,No,16,Mr,Second,UNK,UNK,26,8.66666666666667,S,2,2.24315691972151
Perished,female,Yes,21,Miss,Third,UNK,UNK,69.55,6.32272727272727,S,10,5.64918735995889
Perished,male,No,30,Mr,First,UNK,UNK,30.6958,10.2319333333333,C,2,0.553594459779561
Perished,male,No,25,Mr,Third,UNK,UNK,7.8958,2.63193333333333,S,2,0.375538393855095
Perished,male,No,39,Mr,Second,UNK,UNK,13,4.33333333333333,S,2,6.79500677855685
Survived,female,Yes,49,Noble,First,D,starboard,25.9292,8.64306666666667,S,2,8.14868279499933
Survived,female,Yes,31,Mrs,Third,UNK,UNK,8.6833,2.89443333333333,S,2,3.35075705312192
Perished,male,No,30,Mr,Third,UNK,UNK,7.2292,2.40973333333333,C,2,1.09901484334841
Perished,female,Yes,30,Mrs,Third,UNK,UNK,24.15,4.83,S,4,7.68662004731596
Perished,male,No,34,Mr,Second,UNK,UNK,13,4.33333333333333,S,2,4.48315227637067
Survived,female,Yes,31,Mrs,Second,UNK,UNK,26.25,5.25,S,4,5.94252573093399
Survived,male,Yes,11,Master,First,B,port,120,20,S,5,8.64417344331741
Survived,male,Yes,0.42,Master,Third,UNK,UNK,8.5167,2.129175,C,3,6.34953629923984
Survived,male,No,27,Mr,Third,UNK,UNK,6.975,2.325,S,2,0.963874745648354
Perished,male,No,31,Mr,Third,UNK,UNK,7.775,2.59166666666667,S,2,2.45761840837076
Perished,male,No,39,Mr,First,A,port,61.9792,20.6597333333333,S,2,9.62343784747645
Perished,female,Yes,18,Miss,Third,UNK,UNK,7.775,2.59166666666667,S,2,9.88582196878269
Perished,male,No,39,Mr,Second,UNK,UNK,13,4.33333333333333,S,2,9.38089780509472
Survived,female,Yes,33,Mrs,First,E,port,53.1,13.275,S,3,1.87367130769417
Perished,male,No,26,Mr,Third,UNK,UNK,7.8875,2.62916666666667,S,2,3.61313379369676
Perished,male,No,39,Mr,Third,UNK,UNK,24.15,8.05,S,2,8.48585767205805
Perished,male,No,35,Mr,Second,UNK,UNK,10.5,3.5,S,2,6.24861501390114
Perished,female,Yes,6,Miss,Third,UNK,UNK,31.275,3.475,S,8,5.12257872382179
Perished,male,No,30.5,Mr,Third,UNK,UNK,8.05,2.68333333333333,S,2,9.12007321370766
Perished,male,No,30,Mr,First,B,port,61.9792,20.6597333333333,S,2,3.41542448382825
Perished,female,Yes,23,Miss,Third,UNK,UNK,7.925,2.64166666666667,S,2,4.9475486506708
Perished,male,No,31,Mr,Second,UNK,UNK,37.0042,7.40084,C,4,4.25530150299892
Perished,male,No,43,Mr,Third,UNK,UNK,6.45,2.15,S,2,5.24100204929709
Perished,male,Yes,10,Master,Third,UNK,UNK,27.9,3.4875,S,7,1.84200696414337
Survived,female,Yes,52,Mrs,First,B,starboard,93.5,18.7,S,4,0.576794915832579
Survived,male,No,27,Mr,Third,UNK,UNK,8.6625,2.8875,S,2,2.18768335646018
Perished,male,No,38,Noble,First,UNK,UNK,61.9792,20.6597333333333,S,2,2.38956285640597
Survived,female,Yes,27,Mrs,Third,E,starboard,12.475,3.11875,S,3,6.43411692231894
Perished,male,Yes,2,Master,Third,UNK,UNK,39.6875,4.9609375,S,7,5.27213712455705
Perished,male,No,30,Mr,Third,UNK,UNK,6.95,2.31666666666667,Q,2,2.89435983402655
Perished,male,No,30,Mr,Third,UNK,UNK,56.4958,18.8319333333333,S,2,3.15600208705291
Survived,male,Yes,1,Master,Second,UNK,UNK,37.0042,7.40084,C,4,7.34773393254727
Survived,male,No,30,Mr,Third,UNK,UNK,7.75,2.58333333333333,Q,2,7.46981663629413
Survived,female,Yes,62,Mrs,First,B,port,80,26.6666666666667,S,2,3.01443029427901
Survived,female,Yes,15,Mrs,Third,UNK,UNK,14.4542,3.61355,C,3,2.43195206392556
Survived,male,Yes,0.83,Master,Second,UNK,UNK,18.75,3.75,S,4,4.8071240237914
Perished,male,No,30,Mr,Third,UNK,UNK,7.2292,2.40973333333333,C,2,1.22884402284399
Perished,male,No,23,Mr,Third,UNK,UNK,7.8542,2.61806666666667,S,2,5.62140685971826
Perished,male,No,18,Mr,Third,UNK,UNK,8.3,2.76666666666667,S,2,6.5642916620709
Survived,female,Yes,39,Miss,First,E,starboard,83.1583,16.63166,C,4,8.92449632752687
Perished,male,No,21,Mr,Third,UNK,UNK,8.6625,2.8875,S,2,6.74180469242856
Perished,male,No,30,Mr,Third,UNK,UNK,8.05,2.68333333333333,S,2,3.44573369482532
Survived,male,No,32,Mr,Third,UNK,UNK,56.4958,18.8319333333333,S,2,0.0941159809008241
Survived,male,No,30,Mr,First,C,starboard,29.7,9.9,C,2,3.08200979139656
Perished,male,No,20,Mr,Third,UNK,UNK,7.925,2.64166666666667,S,2,1.15707241697237
Perished,male,No,16,Mr,Second,UNK,UNK,10.5,3.5,S,2,6.88477967865765
Survived,female,Yes,30,Miss,First,UNK,UNK,31,10.3333333333333,C,2,7.00570656452328
Perished,male,No,34.5,Mr,Third,UNK,UNK,6.4375,2.14583333333333,C,2,1.34436576394364
Perished,male,No,17,Mr,Third,UNK,UNK,8.6625,2.8875,S,2,5.17350289737806
Perished,male,No,42,Mr,Third,UNK,UNK,7.55,2.51666666666667,S,2,0.514629126992077
Perished,male,No,30,Mr,Third,UNK,UNK,69.55,6.32272727272727,S,10,3.78770856186748
Perished,male,No,35,Mr,Third,UNK,UNK,7.8958,2.63193333333333,C,2,5.2246749214828
Perished,male,No,28,Noble,Second,UNK,UNK,33,8.25,S,3,4.79767500888556
Survived,female,Yes,35,Mrs,First,C,port,89.1042,22.27605,C,3,5.45515388716012
Perished,male,Yes,4,Master,Third,UNK,UNK,31.275,3.475,S,8,9.48653662344441
Perished,male,No,74,Mr,Third,UNK,UNK,7.775,2.59166666666667,S,2,5.97093306249008
Perished,female,Yes,9,Miss,Third,UNK,UNK,15.2458,3.04916,C,4,3.30530517501757
Survived,female,Yes,16,Miss,First,D,port,39.4,9.85,S,3,3.41134188929573
Perished,female,Yes,44,Mrs,Second,UNK,UNK,26,6.5,S,3,7.97362302895635
Survived,female,Yes,18,Mrs,Third,UNK,UNK,9.35,2.3375,S,3,5.13047725427896
Survived,female,Yes,45,Mrs,First,UNK,UNK,164.8667,32.97334,S,4,6.17720162961632
Survived,male,No,51,Mr,First,E,starboard,26.55,8.85,S,2,7.92414361378178
Survived,female,Yes,24,Mrs,Third,UNK,UNK,19.2583,3.20971666666667,C,5,4.5456709782593
Perished,male,No,30,Mr,Third,UNK,UNK,7.2292,2.40973333333333,C,2,6.93435367429629
Perished,male,No,41,Mr,Third,UNK,UNK,14.1083,2.82166,S,4,0.464623447041959
Perished,male,No,21,Mr,Second,UNK,UNK,11.5,2.875,S,3,3.10513062402606
Survived,female,Yes,48,Mrs,First,D,starboard,25.9292,8.64306666666667,S,2,9.78920295136049
Perished,female,Yes,21,Miss,Third,UNK,UNK,69.55,6.32272727272727,S,10,6.20895442320034
Perished,male,No,24,Mr,Second,UNK,UNK,13,4.33333333333333,S,2,5.36860957043245
Survived,female,Yes,42,Mrs,Second,UNK,UNK,13,4.33333333333333,S,2,5.08394945180044
Survived,female,Yes,27,Miss,Second,UNK,UNK,13.8583,3.464575,C,3,3.60452733002603
Perished,male,No,31,Mr,First,A,port,50.4958,16.8319333333333,S,2,9.42564794560894
Perished,male,No,30,Mr,Third,UNK,UNK,9.5,3.16666666666667,S,2,0.0529964850284159
Survived,male,Yes,4,Master,Third,UNK,UNK,11.1333,2.22666,S,4,2.14658606331795
Perished,male,No,26,Mr,Third,UNK,UNK,7.8958,2.63193333333333,S,2,5.755980766844
Survived,female,Yes,47,Mrs,First,D,starboard,52.5542,10.51084,S,4,9.34803801821545
Perished,male,No,33,Mr,First,B,starboard,5,1.66666666666667,S,2,8.00354135688394
Perished,male,No,47,Mr,Third,UNK,UNK,9,3,S,2,4.78492772206664
Survived,female,Yes,28,Mrs,Second,UNK,UNK,24,6,C,3,6.78931936388835
Survived,female,Yes,15,Miss,Third,UNK,UNK,7.225,2.40833333333333,C,2,6.10928614623845
Perished,male,No,20,Mr,Third,UNK,UNK,9.8458,3.28193333333333,S,2,6.80087618995458
Perished,male,No,19,Mr,Third,UNK,UNK,7.8958,2.63193333333333,S,2,1.65104669751599
Perished,male,No,30,Mr,Third,UNK,UNK,7.8958,2.63193333333333,S,2,3.35655523231253
Survived,female,Yes,56,Mrs,First,C,port,83.1583,20.789575,C,3,2.02466349350289
Survived,female,Yes,25,Mrs,Second,UNK,UNK,26,6.5,S,3,2.40600086050108
Perished,male,No,33,Mr,Third,UNK,UNK,7.8958,2.63193333333333,S,2,2.4618179583922
Perished,female,Yes,22,Miss,Third,UNK,UNK,10.5167,3.50556666666667,S,2,9.41744069801643
Perished,male,No,28,Mr,Second,UNK,UNK,10.5,3.5,S,2,2.95832170173526
Perished,male,No,25,Mr,Third,UNK,UNK,7.05,2.35,S,2,6.42254539532587
Perished,female,Yes,39,Mrs,Third,UNK,UNK,29.125,3.640625,Q,7,6.40339673496783
Perished,male,No,27,Noble,Second,UNK,UNK,13,4.33333333333333,S,2,6.60113400779665
Survived,female,Yes,19,Miss,First,B,port,30,10,S,2,3.897224732209
Perished,female,Yes,21,Miss,Third,UNK,UNK,23.45,3.90833333333333,S,5,6.28863527672365
Survived,male,No,26,Mr,First,C,port,30,10,C,2,4.80003893608227
Perished,male,No,32,Mr,Third,UNK,UNK,7.75,2.58333333333333,Q,2,1.73467355081812
